"","fake_norm_red_lines_senti.domain_rank","fake_norm_red_lines_senti.spam_score","fake_norm_red_lines_senti.comments","fake_norm_red_lines_senti.type","fake_norm_red_lines_senti.Sentiment","obj","pos","neg"
"1",0.260328945,0,0,"bias","obj",1,0,0
"2",0.260328945,0,0,"bias","neg",0,0,1
"3",0.260328945,0,0,"bias","pos",0,1,0
"4",0.260328945,0.068,0,"bias","pos",0,1,0
"5",0.260328945,0.865,0,"bias","pos",0,1,0
"6",0.260328945,0,0,"bias","obj",1,0,0
"7",0.260328945,0.701,0,"bias","pos",0,1,0
"8",0.260328945,0.188,0,"bias","neg",0,0,1
"9",0.260328945,0.144,0,"bias","pos",0,1,0
"10",0.260328945,0.995,0,"bias","pos",0,1,0
"11",0.260328945,0,0,"bias","pos",0,1,0
"12",0.260328945,0.998,0,"bias","pos",0,1,0
"13",0.260328945,0,0,"bias","pos",0,1,0
"14",0.260328945,0.001,0,"bias","obj",1,0,0
"15",0.260328945,0,0,"bias","obj",1,0,0
"16",0.260328945,0,0,"bias","obj",1,0,0
"17",0.260328945,0.268,0,"bias","pos",0,1,0
"18",0.260328945,0,0,"bias","neg",0,0,1
"19",0.260328945,0,0,"bias","pos",0,1,0
"20",0.260328945,0,0,"bias","pos",0,1,0
"21",0.260328945,0.19,0,"bias","pos",0,1,0
"22",0.260328945,0,0,"bias","obj",1,0,0
"23",0.260328945,0,0,"bias","pos",0,1,0
"24",0.260328945,0,0,"bias","pos",0,1,0
"25",0.260328945,0,0,"bias","obj",1,0,0
"26",0.260328945,0,0,"bias","neg",0,0,1
"27",0.260328945,0,0,"bias","pos",0,1,0
"28",0.260328945,0.256,0,"bias","neg",0,0,1
"29",0.260328945,0,0,"bias","pos",0,1,0
"30",0.260328945,0,0,"bias","pos",0,1,0
"31",0.260328945,0,0,"bias","obj",1,0,0
"32",0.260328945,0,0,"bias","obj",1,0,0
"33",0.260328945,0,0,"bias","pos",0,1,0
"34",0.659491888,0,0,"fake","pos",0,1,0
"35",0.659491888,0.009,0,"fake","pos",0,1,0
"36",0.187810983,0,0,"bs","pos",0,1,0
"37",0.187810983,0,0,"bs","pos",0,1,0
"38",0.187810983,0,0,"bs","pos",0,1,0
"39",0.187810983,0,0,"bs","pos",0,1,0
"40",0.187810983,0,0,"bs","pos",0,1,0
"41",0.187810983,0,0,"bs","pos",0,1,0
"42",0.187810983,0,0,"bs","pos",0,1,0
"43",0.187810983,0,0,"bs","neg",0,0,1
"44",0.187810983,0,0,"bs","pos",0,1,0
"45",0.187810983,0,0,"bs","pos",0,1,0
"46",0.187810983,0,0,"bs","pos",0,1,0
"47",0.187810983,0,0,"bs","pos",0,1,0
"48",0.187810983,0,0,"bs","neg",0,0,1
"49",0.187810983,0,0,"bs","pos",0,1,0
"50",0.187810983,0,0,"bs","pos",0,1,0
"51",0.187810983,0,0,"bs","neg",0,0,1
"52",0.187810983,0,0,"bs","pos",0,1,0
"53",0.187810983,0,0,"bs","pos",0,1,0
"54",0.187810983,0,0,"bs","pos",0,1,0
"55",0.187810983,0,0,"bs","pos",0,1,0
"56",0.187810983,0,0,"bs","pos",0,1,0
"57",0.187810983,0,0,"bs","pos",0,1,0
"58",0.187810983,0,0,"bs","pos",0,1,0
"59",0.187810983,0,0,"bs","pos",0,1,0
"60",0.187810983,0,0,"bs","pos",0,1,0
"61",0.187810983,0,0,"bs","pos",0,1,0
"62",0.187810983,0,0,"bs","pos",0,1,0
"63",0.187810983,0,0,"bs","pos",0,1,0
"64",0.187810983,0,0,"bs","neg",0,0,1
"65",0.187810983,0,0,"bs","neg",0,0,1
"66",0.187810983,0,0,"bs","pos",0,1,0
"67",0.187810983,0,0,"bs","pos",0,1,0
"68",0.187810983,0,0,"bs","neg",0,0,1
"69",0.187810983,0,0,"bs","pos",0,1,0
"70",0.187810983,0,0,"bs","pos",0,1,0
"71",0.187810983,0,0,"bs","pos",0,1,0
"72",0.187810983,0,0,"bs","pos",0,1,0
"73",0.187810983,0,0,"bs","pos",0,1,0
"74",0.187810983,0,0,"bs","pos",0,1,0
"75",0.187810983,0,0,"bs","pos",0,1,0
"76",0.187810983,0,0,"bs","pos",0,1,0
"77",0.187810983,0,0,"bs","pos",0,1,0
"78",0.187810983,0,0,"bs","pos",0,1,0
"79",0.187810983,0,0,"bs","obj",1,0,0
"80",0.187810983,0,0,"bs","pos",0,1,0
"81",0.187810983,0,0,"bs","pos",0,1,0
"82",0.187810983,0,0,"bs","neg",0,0,1
"83",0.187810983,0,0,"bs","pos",0,1,0
"84",0.187810983,0,0,"bs","obj",1,0,0
"85",0.187810983,0,0,"bs","obj",1,0,0
"86",0.187810983,0,0,"bs","pos",0,1,0
"87",0.187810983,0,0,"bs","obj",1,0,0
"88",0.187810983,0,0,"bs","pos",0,1,0
"89",0.187810983,0,0,"bs","pos",0,1,0
"90",0.187810983,0,0,"bs","neg",0,0,1
"91",0.187810983,0,0,"bs","obj",1,0,0
"92",0.187810983,0,0,"bs","obj",1,0,0
"93",0.187810983,0,0,"bs","obj",1,0,0
"94",0.187810983,0,0,"bs","neg",0,0,1
"95",0.187810983,0,0,"bs","obj",1,0,0
"96",0.187810983,0,0,"bs","neg",0,0,1
"97",0.187810983,0,0,"bs","obj",1,0,0
"98",0.187810983,0,0,"bs","obj",1,0,0
"99",0.187810983,0,0,"bs","obj",1,0,0
"100",0.187810983,0,0,"bs","obj",1,0,0
"101",0.187810983,0,0,"bs","pos",0,1,0
"102",0.187810983,0,0,"bs","neg",0,0,1
"103",0.187810983,0,0,"bs","obj",1,0,0
"104",0.187810983,0,0,"bs","obj",1,0,0
"105",0.187810983,0,0,"bs","obj",1,0,0
"106",0.187810983,0,0,"bs","pos",0,1,0
"107",0.187810983,0,0,"bs","pos",0,1,0
"108",0.187810983,0,0,"bs","pos",0,1,0
"109",0.187810983,0,0,"bs","pos",0,1,0
"110",0.187810983,0,0,"bs","pos",0,1,0
"111",0.187810983,0,0,"bs","pos",0,1,0
"112",0.187810983,0,0,"bs","pos",0,1,0
"113",0.187810983,0,0,"bs","pos",0,1,0
"114",0.187810983,0,0,"bs","pos",0,1,0
"115",0.187810983,0,0,"bs","pos",0,1,0
"116",0.187810983,0,0,"bs","pos",0,1,0
"117",0.187810983,0,0,"bs","pos",0,1,0
"118",0.187810983,0,0,"bs","pos",0,1,0
"119",0.187810983,0,0,"bs","obj",1,0,0
"120",0.187810983,0,0,"bs","obj",1,0,0
"121",0.187810983,0,0,"bs","obj",1,0,0
"122",0.187810983,0,0,"bs","pos",0,1,0
"123",0.187810983,0,0,"bs","pos",0,1,0
"124",0.187810983,0,0,"bs","obj",1,0,0
"125",0.187810983,0,0,"bs","obj",1,0,0
"126",0.187810983,0,0,"bs","pos",0,1,0
"127",0.187810983,0,0,"bs","pos",0,1,0
"128",0.187810983,0,0,"bs","pos",0,1,0
"129",0.187810983,0,0,"bs","pos",0,1,0
"130",0.187810983,0,0,"bs","pos",0,1,0
"131",0.187810983,0,0,"bs","pos",0,1,0
"132",0.187810983,0,0,"bs","obj",1,0,0
"133",0.187810983,0,0,"bs","obj",1,0,0
"134",0.187810983,0,0,"bs","pos",0,1,0
"135",0.187810983,0,0,"bs","neg",0,0,1
"136",0.376584684,0,0,"conspiracy","obj",1,0,0
"137",0.376584684,0,0,"conspiracy","pos",0,1,0
"138",0.376584684,0,0,"conspiracy","obj",1,0,0
"139",0.376584684,0,0,"conspiracy","obj",1,0,0
"140",0.376584684,0,0,"conspiracy","pos",0,1,0
"141",0.376584684,0,0,"conspiracy","pos",0,1,0
"142",0.376584684,0,0,"conspiracy","pos",0,1,0
"143",0.376584684,0,0,"conspiracy","obj",1,0,0
"144",0.376584684,0,0,"conspiracy","pos",0,1,0
"145",0.376584684,0,0,"conspiracy","pos",0,1,0
"146",0.376584684,0,0,"conspiracy","neg",0,0,1
"147",0.376584684,0,0,"conspiracy","obj",1,0,0
"148",0.376584684,0,0,"conspiracy","obj",1,0,0
"149",0.376584684,0,0,"conspiracy","pos",0,1,0
"150",0.376584684,0,0,"conspiracy","obj",1,0,0
"151",0.376584684,0,0,"conspiracy","neg",0,0,1
"152",0.376584684,0,0,"conspiracy","obj",1,0,0
"153",0.376584684,0,0,"conspiracy","neg",0,0,1
"154",0.376584684,0,0,"conspiracy","obj",1,0,0
"155",0.376584684,0,0,"conspiracy","obj",1,0,0
"156",0.376584684,0,0,"conspiracy","obj",1,0,0
"157",0.376584684,0,0,"conspiracy","pos",0,1,0
"158",0.376584684,0,0,"conspiracy","obj",1,0,0
"159",0.376584684,0,0,"conspiracy","pos",0,1,0
"160",0.376584684,0,0,"conspiracy","pos",0,1,0
"161",0.376584684,0,0,"conspiracy","neg",0,0,1
"162",0.376584684,0,0,"conspiracy","pos",0,1,0
"163",0.376584684,0,0,"conspiracy","pos",0,1,0
"164",0.376584684,0,0,"conspiracy","pos",0,1,0
"165",0.376584684,0,0,"conspiracy","pos",0,1,0
"166",0.376584684,0,0,"conspiracy","neg",0,0,1
"167",0.376584684,0,0,"conspiracy","pos",0,1,0
"168",0.376584684,0,0,"conspiracy","pos",0,1,0
"169",0.376584684,0,0,"conspiracy","pos",0,1,0
"170",0.376584684,0,0,"conspiracy","pos",0,1,0
"171",0.376584684,0,0,"conspiracy","pos",0,1,0
"172",0.376584684,0,0,"conspiracy","pos",0,1,0
"173",0.376584684,0,0,"conspiracy","pos",0,1,0
"174",0.376584684,0,0,"conspiracy","pos",0,1,0
"175",0.376584684,0,0,"conspiracy","neg",0,0,1
"176",0.376584684,0,0,"conspiracy","pos",0,1,0
"177",0.376584684,0,0,"conspiracy","pos",0,1,0
"178",0.376584684,0,0,"conspiracy","pos",0,1,0
"179",0.376584684,0,0,"conspiracy","pos",0,1,0
"180",0.376584684,0,0,"conspiracy","pos",0,1,0
"181",0.376584684,0,0,"conspiracy","obj",1,0,0
"182",0.376584684,0,0,"conspiracy","pos",0,1,0
"183",0.376584684,0,0,"conspiracy","pos",0,1,0
"184",0.376584684,0,0,"conspiracy","pos",0,1,0
"185",0.376584684,0,0,"conspiracy","pos",0,1,0
"186",0.376584684,0,0,"conspiracy","pos",0,1,0
"187",0.376584684,0,0,"conspiracy","pos",0,1,0
"188",0.376584684,0,0,"conspiracy","pos",0,1,0
"189",0.376584684,0,0,"conspiracy","pos",0,1,0
"190",0.376584684,0,0,"conspiracy","pos",0,1,0
"191",0.376584684,0,0,"conspiracy","pos",0,1,0
"192",0.376584684,0,0,"conspiracy","pos",0,1,0
"193",0.376584684,0,0,"conspiracy","pos",0,1,0
"194",0.376584684,0,0,"conspiracy","pos",0,1,0
"195",0.376584684,0,0,"conspiracy","pos",0,1,0
"196",0.376584684,0,0,"conspiracy","pos",0,1,0
"197",0.376584684,0,0,"conspiracy","pos",0,1,0
"198",0.376584684,0,0,"conspiracy","pos",0,1,0
"199",0.376584684,0,0,"conspiracy","pos",0,1,0
"200",0.376584684,0,0,"conspiracy","pos",0,1,0
"201",0.376584684,0,0,"conspiracy","pos",0,1,0
"202",0.376584684,0,0,"conspiracy","neg",0,0,1
"203",0.376584684,0,0,"conspiracy","pos",0,1,0
"204",0.376584684,0,0,"conspiracy","pos",0,1,0
"205",0.376584684,0,0,"conspiracy","pos",0,1,0
"206",0.376584684,0,0,"conspiracy","pos",0,1,0
"207",0.376584684,0,0,"conspiracy","pos",0,1,0
"208",0.376584684,0,0,"conspiracy","pos",0,1,0
"209",0.376584684,0.029,0,"conspiracy","pos",0,1,0
"210",0.376584684,0,0,"conspiracy","pos",0,1,0
"211",0.376584684,0,0,"conspiracy","pos",0,1,0
"212",0.376584684,0,0,"conspiracy","neg",0,0,1
"213",0.376584684,0,0,"conspiracy","pos",0,1,0
"214",0.376584684,0,0,"conspiracy","pos",0,1,0
"215",0.376584684,0,0,"conspiracy","pos",0,1,0
"216",0.376584684,0,0,"conspiracy","pos",0,1,0
"217",0.376584684,0,0,"conspiracy","pos",0,1,0
"218",0.376584684,0,0,"conspiracy","pos",0,1,0
"219",0.376584684,0,0,"conspiracy","pos",0,1,0
"220",0.376584684,0,0,"conspiracy","pos",0,1,0
"221",0.376584684,0,0,"conspiracy","pos",0,1,0
"222",0.376584684,0,0,"conspiracy","pos",0,1,0
"223",0.376584684,0,0,"conspiracy","pos",0,1,0
"224",0.376584684,0,0,"conspiracy","pos",0,1,0
"225",0.376584684,0,0,"conspiracy","pos",0,1,0
"226",0.376584684,0,0,"conspiracy","pos",0,1,0
"227",0.376584684,0,0,"conspiracy","pos",0,1,0
"228",0.376584684,0,0,"conspiracy","obj",1,0,0
"229",0.376584684,0,0,"conspiracy","pos",0,1,0
"230",0.376584684,0,0,"conspiracy","pos",0,1,0
"231",0.376584684,0,0,"conspiracy","neg",0,0,1
"232",0.376584684,0,0,"conspiracy","pos",0,1,0
"233",0.376584684,0,0,"conspiracy","pos",0,1,0
"234",0.376584684,0,0,"conspiracy","obj",1,0,0
"235",0.376584684,0,0,"conspiracy","pos",0,1,0
"236",0.058492688,0.096,0,"bias","neg",0,0,1
"237",0.058492688,0,0,"bias","pos",0,1,0
"238",0.058492688,0,0,"bias","neg",0,0,1
"239",0.058492688,0.033,0,"bias","pos",0,1,0
"240",0.058492688,0.001,0,"bias","neg",0,0,1
"241",0.058492688,0.02,0,"bias","pos",0,1,0
"242",0.058492688,0.039,0,"bias","pos",0,1,0
"243",0.058492688,0,1,"bias","pos",0,1,0
"244",0.058492688,0,0,"bias","pos",0,1,0
"245",0.058492688,0.435,0,"bias","pos",0,1,0
"246",0.058492688,0,0,"bias","neg",0,0,1
"247",0.058492688,0,0,"bias","pos",0,1,0
"248",0.058492688,0,0,"bias","pos",0,1,0
"249",0.058492688,0,0,"bias","pos",0,1,0
"250",0.058492688,0,0,"bias","neg",0,0,1
"251",0.058492688,0,0,"bias","pos",0,1,0
"252",0.058492688,0,0,"bias","pos",0,1,0
"253",0.058492688,0,0,"bias","pos",0,1,0
"254",0.058492688,0,0,"bias","pos",0,1,0
"255",0.058492688,0,0,"bias","pos",0,1,0
"256",0.794424346,0,0,"bs","pos",0,1,0
"257",0.261879427,0.008,0,"bs","pos",0,1,0
"258",0.261879427,0.012,0,"bs","pos",0,1,0
"259",0.037839865,0.052,0,"bs","obj",1,0,0
"260",0.037839865,0.059,0,"bs","pos",0,1,0
"261",0.037839865,0.109,0,"bs","neg",0,0,1
"262",0.95504616,0,0,"bs","pos",0,1,0
"263",0.95504616,0,0,"bs","pos",0,1,0
"264",0.95504616,0,0,"bs","obj",1,0,0
"265",0.95504616,0,0,"bs","obj",1,0,0
"266",0.95504616,0,0,"bs","obj",1,0,0
"267",0.95504616,0,0,"bs","obj",1,0,0
"268",0.95504616,0,0,"bs","neg",0,0,1
"269",0.95504616,0,0,"bs","neg",0,0,1
"270",0.95504616,0,0,"bs","pos",0,1,0
"271",0.95504616,0,0,"bs","obj",1,0,0
"272",0.95504616,0,0,"bs","obj",1,0,0
"273",0.95504616,0,0,"bs","pos",0,1,0
"274",0.95504616,0,0,"bs","neg",0,0,1
"275",0.95504616,0,0,"bs","obj",1,0,0
"276",0.95504616,0,0,"bs","neg",0,0,1
"277",0.95504616,0,0,"bs","neg",0,0,1
"278",0.95504616,0,0,"bs","obj",1,0,0
"279",0.95504616,0,0,"bs","obj",1,0,0
"280",0.95504616,0,0,"bs","obj",1,0,0
"281",0.95504616,0,0,"bs","obj",1,0,0
"282",0.95504616,0,0,"bs","pos",0,1,0
"283",0.95504616,0,0,"bs","obj",1,0,0
"284",0.95504616,0,0,"bs","obj",1,0,0
"285",0.95504616,0,0,"bs","pos",0,1,0
"286",0.95504616,0,0,"bs","obj",1,0,0
"287",0.95504616,0,0,"bs","pos",0,1,0
"288",0.95504616,0,0,"bs","pos",0,1,0
"289",0.95504616,0,0,"bs","obj",1,0,0
"290",0.95504616,0,0,"bs","pos",0,1,0
"291",0.95504616,0,0,"bs","pos",0,1,0
"292",0.95504616,0,0,"bs","obj",1,0,0
"293",0.95504616,0,0,"bs","obj",1,0,0
"294",0.95504616,0,0,"bs","pos",0,1,0
"295",0.95504616,0,0,"bs","obj",1,0,0
"296",0.95504616,0,0,"bs","obj",1,0,0
"297",0.95504616,0,0,"bs","obj",1,0,0
"298",0.95504616,0,0,"bs","obj",1,0,0
"299",0.95504616,0,0,"bs","obj",1,0,0
"300",0.95504616,0,0,"bs","obj",1,0,0
"301",0.95504616,0,0,"bs","obj",1,0,0
"302",0.95504616,0,0,"bs","obj",1,0,0
"303",0.95504616,0,0,"bs","pos",0,1,0
"304",0.95504616,0,0,"bs","neg",0,0,1
"305",0.95504616,0,0,"bs","obj",1,0,0
"306",0.95504616,0,0,"bs","obj",1,0,0
"307",0.95504616,0,0,"bs","obj",1,0,0
"308",0.95504616,0,0,"bs","pos",0,1,0
"309",0.95504616,0,0,"bs","pos",0,1,0
"310",0.95504616,0,0,"bs","obj",1,0,0
"311",0.95504616,0,0,"bs","pos",0,1,0
"312",0.95504616,0,0,"bs","neg",0,0,1
"313",0.95504616,0,0,"bs","obj",1,0,0
"314",0.95504616,0,0,"bs","obj",1,0,0
"315",0.95504616,0,0,"bs","obj",1,0,0
"316",0.95504616,0,0,"bs","obj",1,0,0
"317",0.95504616,0,0,"bs","pos",0,1,0
"318",0.95504616,0,0,"bs","obj",1,0,0
"319",0.95504616,0,0,"bs","obj",1,0,0
"320",0.95504616,0,0,"bs","obj",1,0,0
"321",0.95504616,0,0,"bs","obj",1,0,0
"322",0.95504616,0,0,"bs","neg",0,0,1
"323",0.95504616,0,0,"bs","obj",1,0,0
"324",0.95504616,0,0,"bs","obj",1,0,0
"325",0.95504616,0,0,"bs","obj",1,0,0
"326",0.95504616,0,0,"bs","obj",1,0,0
"327",0.95504616,0,0,"bs","obj",1,0,0
"328",0.95504616,0,0,"bs","obj",1,0,0
"329",0.95504616,0,0,"bs","obj",1,0,0
"330",0.95504616,0,0,"bs","obj",1,0,0
"331",0.95504616,0,0,"bs","pos",0,1,0
"332",0.95504616,0,0,"bs","pos",0,1,0
"333",0.95504616,0,0,"bs","obj",1,0,0
"334",0.95504616,0,0,"bs","obj",1,0,0
"335",0.95504616,0,0,"bs","obj",1,0,0
"336",0.95504616,0,0,"bs","pos",0,1,0
"337",0.95504616,0,0,"bs","obj",1,0,0
"338",0.95504616,0,0,"bs","pos",0,1,0
"339",0.95504616,0,0,"bs","obj",1,0,0
"340",0.95504616,0,0,"bs","obj",1,0,0
"341",0.95504616,0,0,"bs","obj",1,0,0
"342",0.95504616,0,0,"bs","obj",1,0,0
"343",0.95504616,0,0,"bs","obj",1,0,0
"344",0.95504616,0,0,"bs","obj",1,0,0
"345",0.95504616,0,0,"bs","pos",0,1,0
"346",0.95504616,0,0,"bs","pos",0,1,0
"347",0.95504616,0,0,"bs","obj",1,0,0
"348",0.95504616,0,0,"bs","obj",1,0,0
"349",0.95504616,0,0,"bs","obj",1,0,0
"350",0.95504616,0,0,"bs","obj",1,0,0
"351",0.95504616,0,0,"bs","obj",1,0,0
"352",0.95504616,0,0,"bs","obj",1,0,0
"353",0.95504616,0,0,"bs","pos",0,1,0
"354",0.95504616,0,0,"bs","obj",1,0,0
"355",0.95504616,0,0,"bs","obj",1,0,0
"356",0.95504616,0,0,"bs","obj",1,0,0
"357",0.95504616,0,0,"bs","obj",1,0,0
"358",0.95504616,0,0,"bs","pos",0,1,0
"359",0.95504616,0,0,"bs","pos",0,1,0
"360",0.95504616,0,0,"bs","pos",0,1,0
"361",0.95504616,0,0,"bs","neg",0,0,1
"362",0.427243892,0.048,0,"bs","pos",0,1,0
"363",0.427243892,0,0,"bs","pos",0,1,0
"364",0.427243892,0,0,"bs","pos",0,1,0
"365",0.427243892,0,0,"bs","pos",0,1,0
"366",0.131669352,0,0,"bs","pos",0,1,0
"367",0.131669352,0,0,"bs","pos",0,1,0
"368",0.131669352,0,0,"bs","pos",0,1,0
"369",0.131669352,0.009,0,"bs","pos",0,1,0
"370",0.131669352,0,0,"bs","neg",0,0,1
"371",0.131669352,0,0,"bs","pos",0,1,0
"372",0.131669352,0,0,"bs","pos",0,1,0
"373",0.131669352,0,0,"bs","pos",0,1,0
"374",0.131669352,0,0,"bs","obj",1,0,0
"375",0.131669352,0,0,"bs","pos",0,1,0
"376",0.131669352,0,0,"bs","pos",0,1,0
"377",0.131669352,0,0,"bs","pos",0,1,0
"378",0.131669352,0,0,"bs","pos",0,1,0
"379",0.131669352,0,0,"bs","pos",0,1,0
"380",0.131669352,0,0,"bs","pos",0,1,0
"381",0.131669352,0,0,"bs","pos",0,1,0
"382",0.131669352,0,0,"bs","pos",0,1,0
"383",0.131669352,0,0,"bs","pos",0,1,0
"384",0.131669352,0.11,0,"bs","pos",0,1,0
"385",0.131669352,0.11,0,"bs","pos",0,1,0
"386",0.131669352,0,0,"bs","pos",0,1,0
"387",0.131669352,0.034,0,"bs","pos",0,1,0
"388",0.131669352,0.294,0,"bs","pos",0,1,0
"389",0.131669352,0,0,"bs","pos",0,1,0
"390",0.131669352,0,0,"bs","pos",0,1,0
"391",0.131669352,0,0,"bs","pos",0,1,0
"392",0.131669352,0.002,0,"bs","pos",0,1,0
"393",0.131669352,0.006,0,"bs","pos",0,1,0
"394",0.131669352,0.299,0,"bs","pos",0,1,0
"395",0.131669352,0,0,"bs","neg",0,0,1
"396",0.131669352,0.022,0,"bs","pos",0,1,0
"397",0.131669352,0,0,"bs","obj",1,0,0
"398",0.131669352,0.009,0,"bs","obj",1,0,0
"399",0.131669352,0,0,"bs","neg",0,0,1
"400",0.131669352,0,0,"bs","pos",0,1,0
"401",0.131669352,0,0,"bs","pos",0,1,0
"402",0.131669352,0,0,"bs","neg",0,0,1
"403",0.131669352,0,0,"bs","neg",0,0,1
"404",0.131669352,0,0,"bs","neg",0,0,1
"405",0.131669352,0,0,"bs","pos",0,1,0
"406",0.131669352,0,0,"bs","obj",1,0,0
"407",0.131669352,0,0,"bs","neg",0,0,1
"408",0.131669352,0,0,"bs","neg",0,0,1
"409",0.131669352,0,0,"bs","pos",0,1,0
"410",0.131669352,0,0,"bs","pos",0,1,0
"411",0.131669352,0,0,"bs","obj",1,0,0
"412",0.131669352,0,0,"bs","pos",0,1,0
"413",0.131669352,0.966,0,"bs","pos",0,1,0
"414",0.131669352,0.966,0,"bs","pos",0,1,0
"415",0.131669352,0.966,0,"bs","neg",0,0,1
"416",0.131669352,0.294,0,"bs","pos",0,1,0
"417",0.131669352,0.294,0,"bs","pos",0,1,0
"418",0.131669352,0,0,"bs","pos",0,1,0
"419",0.131669352,0.001,0,"bs","pos",0,1,0
"420",0.131669352,0,0,"bs","pos",0,1,0
"421",0.131669352,0,0,"bs","neg",0,0,1
"422",0.131669352,0.01,0,"bs","neg",0,0,1
"423",0.131669352,0,0,"bs","pos",0,1,0
"424",0.131669352,0.966,0,"bs","pos",0,1,0
"425",0.131669352,0,0,"bs","obj",1,0,0
"426",0.131669352,0.017,0,"bs","pos",0,1,0
"427",0.131669352,0,0,"bs","obj",1,0,0
"428",0.131669352,0.181,0,"bs","pos",0,1,0
"429",0.131669352,0.006,0,"bs","pos",0,1,0
"430",0.131669352,0.022,0,"bs","pos",0,1,0
"431",0.131669352,0.022,0,"bs","obj",1,0,0
"432",0.131669352,0.062,0,"bs","pos",0,1,0
"433",0.131669352,0.077,0,"bs","pos",0,1,0
"434",0.131669352,0,0,"bs","pos",0,1,0
"435",0.131669352,0,0,"bs","pos",0,1,0
"436",0.131669352,0,0,"bs","neg",0,0,1
"437",0.131669352,0.59,0,"bs","pos",0,1,0
"438",0.131669352,0.966,0,"bs","pos",0,1,0
"439",0.131669352,0.966,0,"bs","obj",1,0,0
"440",0.131669352,0,0,"bs","pos",0,1,0
"441",0.131669352,0.002,0,"bs","pos",0,1,0
"442",0.131669352,0,0,"bs","pos",0,1,0
"443",0.131669352,0.024,0,"bs","pos",0,1,0
"444",0.131669352,0,0,"bs","obj",1,0,0
"445",0.131669352,0.001,0,"bs","neg",0,0,1
"446",0.131669352,0,0,"bs","pos",0,1,0
"447",0.131669352,0,0,"bs","neg",0,0,1
"448",0.131669352,0,0,"bs","obj",1,0,0
"449",0.131669352,0.007,0,"bs","pos",0,1,0
"450",0.131669352,0,0,"bs","pos",0,1,0
"451",0.131669352,0.689,0,"bs","pos",0,1,0
"452",0.131669352,0.006,0,"bs","pos",0,1,0
"453",0.131669352,0,0,"bs","pos",0,1,0
"454",0.131669352,0,0,"bs","pos",0,1,0
"455",0.131669352,0.001,0,"bs","obj",1,0,0
"456",0.131669352,0.024,0,"bs","obj",1,0,0
"457",0.131669352,0.002,0,"bs","obj",1,0,0
"458",0.131669352,0,0,"bs","pos",0,1,0
"459",0.131669352,0,0,"bs","obj",1,0,0
"460",0.131669352,0,0,"bs","pos",0,1,0
"461",0.131669352,0,0,"bs","pos",0,1,0
"462",0.131669352,0,0,"bs","neg",0,0,1
"463",0.131669352,0.007,0,"bs","pos",0,1,0
"464",0.131669352,0.966,0,"bs","pos",0,1,0
"465",0.131669352,0,0,"bs","obj",1,0,0
"466",0.496144063,0,0,"bs","pos",0,1,0
"467",0.496144063,0,0,"bs","pos",0,1,0
"468",0.496144063,0,0,"bs","pos",0,1,0
"469",0.496144063,0,0,"bs","obj",1,0,0
"470",0.496144063,0,0,"bs","obj",1,0,0
"471",0.496144063,0,0,"bs","pos",0,1,0
"472",0.496144063,0,0,"bs","pos",0,1,0
"473",0.496144063,0,0,"bs","neg",0,0,1
"474",0.496144063,0,0,"bs","neg",0,0,1
"475",0.496144063,0,0,"bs","pos",0,1,0
"476",0.496144063,0,0,"bs","pos",0,1,0
"477",0.496144063,0,0,"bs","pos",0,1,0
"478",0.496144063,0,0,"bs","obj",1,0,0
"479",0.496144063,0,0,"bs","neg",0,0,1
"480",0.496144063,0,0,"bs","pos",0,1,0
"481",0.496144063,0,0,"bs","obj",1,0,0
"482",0.496144063,0,0,"bs","pos",0,1,0
"483",0.496144063,0,0,"bs","pos",0,1,0
"484",0.496144063,0,0,"bs","pos",0,1,0
"485",0.496144063,0,0,"bs","neg",0,0,1
"486",0.496144063,0,0,"bs","pos",0,1,0
"487",0.496144063,0,0,"bs","pos",0,1,0
"488",0.496144063,0,0,"bs","obj",1,0,0
"489",0.496144063,0,0,"bs","pos",0,1,0
"490",0.496144063,0,0,"bs","obj",1,0,0
"491",0.496144063,0,0,"bs","pos",0,1,0
"492",0.496144063,0,0,"bs","pos",0,1,0
"493",0.496144063,0,0,"bs","pos",0,1,0
"494",0.496144063,0,0,"bs","pos",0,1,0
"495",0.496144063,0,0,"bs","pos",0,1,0
"496",0.496144063,0,0,"bs","obj",1,0,0
"497",0.496144063,0,0,"bs","neg",0,0,1
"498",0.496144063,0,0,"bs","neg",0,0,1
"499",0.496144063,0,0,"bs","pos",0,1,0
"500",0.496144063,0,0,"bs","pos",0,1,0
"501",0.496144063,0,0,"bs","pos",0,1,0
"502",0.496144063,0,0,"bs","pos",0,1,0
"503",0.496144063,0,0,"bs","pos",0,1,0
"504",0.496144063,0,0,"bs","pos",0,1,0
"505",0.496144063,0,0,"bs","pos",0,1,0
"506",0.496144063,0,0,"bs","pos",0,1,0
"507",0.496144063,0,0,"bs","pos",0,1,0
"508",0.496144063,0,0,"bs","obj",1,0,0
"509",0.496144063,0,0,"bs","pos",0,1,0
"510",0.496144063,0,0,"bs","pos",0,1,0
"511",0.496144063,0,0,"bs","pos",0,1,0
"512",0.496144063,0,0,"bs","obj",1,0,0
"513",0.496144063,0,0,"bs","pos",0,1,0
"514",0.496144063,0,0,"bs","pos",0,1,0
"515",0.496144063,0,0,"bs","neg",0,0,1
"516",0.496144063,0,0,"bs","pos",0,1,0
"517",0.496144063,0,0,"bs","pos",0,1,0
"518",0.496144063,0,0,"bs","pos",0,1,0
"519",0.496144063,0,0,"bs","pos",0,1,0
"520",0.496144063,0,0,"bs","pos",0,1,0
"521",0.496144063,0,0,"bs","pos",0,1,0
"522",0.496144063,0,0,"bs","pos",0,1,0
"523",0.496144063,0,0,"bs","pos",0,1,0
"524",0.496144063,0,0,"bs","neg",0,0,1
"525",0.496144063,0,0,"bs","neg",0,0,1
"526",0.496144063,0,0,"bs","neg",0,0,1
"527",0.496144063,0,0,"bs","pos",0,1,0
"528",0.496144063,0,0,"bs","pos",0,1,0
"529",0.496144063,0,0,"bs","pos",0,1,0
"530",0.496144063,0,0,"bs","pos",0,1,0
"531",0.496144063,0,0,"bs","pos",0,1,0
"532",0.496144063,0,0,"bs","neg",0,0,1
"533",0.496144063,0,0,"bs","pos",0,1,0
"534",0.496144063,0,0,"bs","pos",0,1,0
"535",0.496144063,0,0,"bs","pos",0,1,0
"536",0.496144063,0,0,"bs","pos",0,1,0
"537",0.496144063,0,0,"bs","pos",0,1,0
"538",0.496144063,0,0,"bs","pos",0,1,0
"539",0.496144063,0,0,"bs","pos",0,1,0
"540",0.496144063,0,0,"bs","pos",0,1,0
"541",0.496144063,0,0,"bs","pos",0,1,0
"542",0.496144063,0,0,"bs","pos",0,1,0
"543",0.496144063,0,0,"bs","pos",0,1,0
"544",0.496144063,0,0,"bs","pos",0,1,0
"545",0.496144063,0,0,"bs","pos",0,1,0
"546",0.496144063,0,0,"bs","pos",0,1,0
"547",0.496144063,0,0,"bs","pos",0,1,0
"548",0.496144063,0,0,"bs","neg",0,0,1
"549",0.496144063,0,0,"bs","pos",0,1,0
"550",0.496144063,0,0,"bs","pos",0,1,0
"551",0.496144063,0,0,"bs","obj",1,0,0
"552",0.496144063,0,0,"bs","obj",1,0,0
"553",0.496144063,0,0,"bs","neg",0,0,1
"554",0.496144063,0,0,"bs","pos",0,1,0
"555",0.496144063,0,0,"bs","pos",0,1,0
"556",0.496144063,0,0,"bs","neg",0,0,1
"557",0.496144063,0,0,"bs","pos",0,1,0
"558",0.496144063,0,0,"bs","neg",0,0,1
"559",0.496144063,0,0,"bs","pos",0,1,0
"560",0.496144063,0,0,"bs","pos",0,1,0
"561",0.496144063,0,0,"bs","pos",0,1,0
"562",0.496144063,0,0,"bs","neg",0,0,1
"563",0.496144063,0,0,"bs","neg",0,0,1
"564",0.496144063,0,0,"bs","pos",0,1,0
"565",0.496144063,0,0,"bs","neg",0,0,1
"566",0.624307097,0,0,"bs","pos",0,1,0
"567",0.624307097,0,0,"bs","pos",0,1,0
"568",0.624307097,0,0,"bs","obj",1,0,0
"569",0.624307097,0,0,"bs","pos",0,1,0
"570",0.624307097,0,0,"bs","neg",0,0,1
"571",0.624307097,0,0,"bs","pos",0,1,0
"572",0.624307097,0,0,"bs","pos",0,1,0
"573",0.624307097,0,0,"bs","neg",0,0,1
"574",0.624307097,0,0,"bs","pos",0,1,0
"575",0.624307097,0,0,"bs","pos",0,1,0
"576",0.624307097,0,0,"bs","obj",1,0,0
"577",0.624307097,0,0,"bs","pos",0,1,0
"578",0.624307097,0,0,"bs","pos",0,1,0
"579",0.624307097,0,0,"bs","pos",0,1,0
"580",0.624307097,0,0,"bs","obj",1,0,0
"581",0.624307097,0,0,"bs","neg",0,0,1
"582",0.624307097,0,0,"bs","neg",0,0,1
"583",0.624307097,0,0,"bs","pos",0,1,0
"584",0.624307097,0,0,"bs","neg",0,0,1
"585",0.624307097,0,0,"bs","neg",0,0,1
"586",0.624307097,0,0,"bs","obj",1,0,0
"587",0.624307097,0,0,"bs","pos",0,1,0
"588",0.624307097,0,0,"bs","pos",0,1,0
"589",0.624307097,0,0,"bs","neg",0,0,1
"590",0.624307097,0,0,"bs","neg",0,0,1
"591",0.624307097,0,0,"bs","neg",0,0,1
"592",0.624307097,0,0,"bs","pos",0,1,0
"593",0.624307097,0,0,"bs","pos",0,1,0
"594",0.624307097,0,0,"bs","pos",0,1,0
"595",0.624307097,0,0,"bs","pos",0,1,0
"596",0.624307097,0,0,"bs","pos",0,1,0
"597",0.624307097,0,0,"bs","pos",0,1,0
"598",0.624307097,0,0,"bs","pos",0,1,0
"599",0.624307097,0,0,"bs","obj",1,0,0
"600",0.624307097,0,0,"bs","pos",0,1,0
"601",0.624307097,0,0,"bs","pos",0,1,0
"602",0.624307097,0,0,"bs","pos",0,1,0
"603",0.624307097,0,0,"bs","neg",0,0,1
"604",0.624307097,0,0,"bs","neg",0,0,1
"605",0.624307097,0.822,0,"bs","pos",0,1,0
"606",0.624307097,0,0,"bs","pos",0,1,0
"607",0.624307097,0,0,"bs","pos",0,1,0
"608",0.624307097,0,0,"bs","pos",0,1,0
"609",0.624307097,0,0,"bs","pos",0,1,0
"610",0.624307097,0,0,"bs","pos",0,1,0
"611",0.624307097,0,0,"bs","pos",0,1,0
"612",0.624307097,0,0,"bs","pos",0,1,0
"613",0.624307097,0,0,"bs","pos",0,1,0
"614",0.624307097,0,0,"bs","pos",0,1,0
"615",0.624307097,0,0,"bs","pos",0,1,0
"616",0.624307097,0,0,"bs","pos",0,1,0
"617",0.624307097,0,0,"bs","pos",0,1,0
"618",0.624307097,0,0,"bs","pos",0,1,0
"619",0.624307097,0,0,"bs","pos",0,1,0
"620",0.624307097,0,0,"bs","pos",0,1,0
"621",0.624307097,0,0,"bs","pos",0,1,0
"622",0.624307097,0,0,"bs","pos",0,1,0
"623",0.624307097,0,0,"bs","pos",0,1,0
"624",0.624307097,0,0,"bs","pos",0,1,0
"625",0.624307097,0,0,"bs","pos",0,1,0
"626",0.624307097,0,0,"bs","pos",0,1,0
"627",0.624307097,0,0,"bs","pos",0,1,0
"628",0.624307097,0,0,"bs","neg",0,0,1
"629",0.624307097,0,0,"bs","pos",0,1,0
"630",0.624307097,0,0,"bs","pos",0,1,0
"631",0.624307097,0,0,"bs","pos",0,1,0
"632",0.624307097,0,0,"bs","pos",0,1,0
"633",0.624307097,0,0,"bs","obj",1,0,0
"634",0.624307097,0,0,"bs","pos",0,1,0
"635",0.624307097,0,0,"bs","pos",0,1,0
"636",0.624307097,0,0,"bs","pos",0,1,0
"637",0.624307097,0,0,"bs","pos",0,1,0
"638",0.624307097,0,0,"bs","neg",0,0,1
"639",0.624307097,0,0,"bs","pos",0,1,0
"640",0.624307097,0,0,"bs","pos",0,1,0
"641",0.624307097,0,0,"bs","pos",0,1,0
"642",0.624307097,0,0,"bs","pos",0,1,0
"643",0.624307097,0,0,"bs","pos",0,1,0
"644",0.624307097,0,0,"bs","pos",0,1,0
"645",0.624307097,0,0,"bs","neg",0,0,1
"646",0.624307097,0,0,"bs","neg",0,0,1
"647",0.624307097,0,0,"bs","pos",0,1,0
"648",0.624307097,0,0,"bs","pos",0,1,0
"649",0.624307097,0,0,"bs","neg",0,0,1
"650",0.624307097,0,0,"bs","pos",0,1,0
"651",0.624307097,0,0,"bs","pos",0,1,0
"652",0.624307097,0,0,"bs","neg",0,0,1
"653",0.624307097,0,0,"bs","neg",0,0,1
"654",0.624307097,0,0,"bs","pos",0,1,0
"655",0.624307097,0,0,"bs","pos",0,1,0
"656",0.624307097,0,0,"bs","pos",0,1,0
"657",0.624307097,0,0,"bs","neg",0,0,1
"658",0.624307097,0,0,"bs","pos",0,1,0
"659",0.624307097,0,0,"bs","pos",0,1,0
"660",0.624307097,0,0,"bs","neg",0,0,1
"661",0.624307097,0,0,"bs","obj",1,0,0
"662",0.624307097,0,0,"bs","pos",0,1,0
"663",0.624307097,0,0,"bs","pos",0,1,0
"664",0.624307097,0,0,"bs","pos",0,1,0
"665",0.624307097,0,0,"bs","pos",0,1,0
"666",0.06748143,0.022,0,"bs","pos",0,1,0
"667",0.06748143,0.022,0,"bs","pos",0,1,0
"668",0.06748143,0.022,0,"bs","obj",1,0,0
"669",0.06748143,0.022,0,"bs","neg",0,0,1
"670",0.06748143,0.022,0,"bs","obj",1,0,0
"671",0.06748143,0.022,0,"bs","pos",0,1,0
"672",0.06748143,0,0,"bs","pos",0,1,0
"673",0.06748143,0,0,"bs","pos",0,1,0
"674",0.06748143,0,0,"bs","pos",0,1,0
"675",0.06748143,0,0,"bs","pos",0,1,0
"676",0.06748143,1,0,"bs","pos",0,1,0
"677",0.06748143,0,0,"bs","pos",0,1,0
"678",0.06748143,0.164,0,"bs","pos",0,1,0
"679",0.06748143,0,0,"bs","pos",0,1,0
"680",0.06748143,0.001,0,"bs","pos",0,1,0
"681",0.06748143,0.001,0,"bs","pos",0,1,0
"682",0.06748143,0,0,"bs","neg",0,0,1
"683",0.06748143,0.003,0,"bs","pos",0,1,0
"684",0.06748143,0,0,"bs","pos",0,1,0
"685",0.06748143,0,0,"bs","pos",0,1,0
"686",0.06748143,0,0,"bs","pos",0,1,0
"687",0.06748143,0,0,"bs","pos",0,1,0
"688",0.06748143,0,0,"bs","pos",0,1,0
"689",0.06748143,0,0,"bs","pos",0,1,0
"690",0.06748143,0,0,"bs","pos",0,1,0
"691",0.06748143,0,0,"bs","neg",0,0,1
"692",0.06748143,0,0,"bs","pos",0,1,0
"693",0.06748143,0.122,0,"bs","pos",0,1,0
"694",0.06748143,0.122,0,"bs","pos",0,1,0
"695",0.06748143,0.122,0,"bs","pos",0,1,0
"696",0.06748143,0,0,"bs","pos",0,1,0
"697",0.06748143,0.001,0,"bs","neg",0,0,1
"698",0.06748143,0.001,0,"bs","pos",0,1,0
"699",0.06748143,0.001,0,"bs","obj",1,0,0
"700",0.06748143,0.001,0,"bs","obj",1,0,0
"701",0.06748143,0.001,0,"bs","pos",0,1,0
"702",0.06748143,0.469,0,"bs","neg",0,0,1
"703",0.06748143,0.001,0,"bs","obj",1,0,0
"704",0.06748143,0,0,"bs","pos",0,1,0
"705",0.06748143,0,0,"bs","neg",0,0,1
"706",0.06748143,0.001,0,"bs","neg",0,0,1
"707",0.06748143,0,0,"bs","neg",0,0,1
"708",0.06748143,0,0,"bs","pos",0,1,0
"709",0.06748143,0.001,0,"bs","neg",0,0,1
"710",0.06748143,0,0,"bs","obj",1,0,0
"711",0.06748143,0,0,"bs","obj",1,0,0
"712",0.06748143,0.001,0,"bs","neg",0,0,1
"713",0.06748143,0,0,"bs","pos",0,1,0
